,ell,TT_out,EE_out,BB_out,TT_in,EE_in,BB_in,wl_TT,wl_EE,wl_BB
0,2,1.6133976920002328e-07,0.0,0.0,1.2065089273947756e-09,0.0,0.0,1.0,1.0004395666220007,1.0004395666220007
1,3,4.35181276229358e-07,0.0,0.0,4.1648719499576953e-10,0.0,0.0,0.9997802891195241,1.0002197591639552,1.0002197591639552
2,4,163.48033010909967,0.008310961618562717,0.00015180959271738855,162.90736242700274,0.008280980031447586,0.0001511237703322812,0.9993410121665792,0.9997802891195241,0.9997802891195241
3,5,350.95178266072264,0.007605030261751669,1.551886198295534e-05,349.75409542500694,0.007580318765051384,1.545362343643771e-05,0.9986824585981231,0.9991214460729004,0.9991214460729004
4,6,21.99517926548112,0.007154763095806042,3.036867054807588e-05,21.920280128521977,0.007131095558417723,3.0181304651460358e-05,0.9978050622021962,0.9982436640028036,0.9982436640028036
5,7,80.30896919283684,0.0029786371050953735,8.916354099480519e-06,80.03229972367116,0.002967727035495875,8.910691781183438e-06,0.9967094006217316,0.9971475208060793,0.9971475208060793
6,8,80.5613758849773,0.001462544156641906,2.9279012571197236e-06,80.28571787807017,0.0014579660398426882,2.9434641807603657e-06,0.9953961947207726,0.9958337376636384,0.9958337376636384
7,9,50.6865251475165,0.0005696087895187849,6.9856666808391735e-06,50.51331883842147,0.0005674162265914544,6.901195896856276e-06,0.993866307794073,0.9943031782497104,0.9943031782497104
8,10,51.75585618915095,0.0006379797198186825,2.3159717498083475e-06,51.57854601605369,0.0006357695382241372,2.295238687430032e-06,0.9921207446212937,0.9925568477856238,0.9925568477856238
9,11,56.660094535796645,0.0003018701088536351,8.703368739442539e-07,56.46678968852265,0.00030078720960056765,8.715069616789865e-07,0.990160650367244,0.990595891939564,0.990595891939564
10,12,32.43344576742724,0.00020890295586679542,2.3015654191799286e-06,32.323563274266185,0.0002078303318933381,2.302398886888809e-06,0.987987309329855,0.9884215955739968,0.9884215955739968
11,13,28.162282587189726,0.00013079817394387873,1.2998477639393066e-06,28.067886563175986,0.00013024828646077984,1.2943744722753058e-06,0.9856021435378,0.9860353813426715,0.9860353813426715
12,14,17.42414250737142,0.00011126158161450943,9.519052423664099e-07,17.364716423269122,0.00011093576207604099,9.465753916356118e-07,0.9830067111999062,0.9834388081393525,0.9834388081393525
13,15,26.768277401894004,6.58305706378573e-05,1.0770287650835614e-06,26.67738562530146,6.567279670949652e-05,1.0650684868465334e-06,0.9802027050087242,0.9806335694006408,0.9806335694006408
14,16,9.946266047604524,5.039119635523685e-05,1.5767478976500108e-06,9.91279875673677,5.024062918650483e-05,1.5689901038551066e-06,0.97719195030084,0.9776214912654801,0.9776214912654801
15,17,12.55120568015881,6.092064193299847e-05,1.4704662689753682e-06,12.509044204064198,6.066190428289316e-05,1.4674155262165591e-06,0.9739764030767313,0.9744045305941401,0.9744045305941401
16,18,14.546639497905455,4.2189752475239594e-05,1.1040398634998282e-06,14.498589551985342,4.206854211551417e-05,1.0933383257092056e-06,0.9705581478831701,0.9709847728496903,0.9709847728496903
17,19,7.759259628285638,3.971960825263171e-05,8.79835541555835e-07,7.733497749900289,3.9517427529539306e-05,8.721915762643015e-07,0.9669393955613861,0.9673644298451725,0.9673644298451725
18,20,16.95527962962028,6.864664574730111e-05,1.0948628074459463e-06,16.89992735114645,6.837775464480543e-05,1.0871916877910548e-06,0.9631224808643912,0.9635458373598778,0.9635458373598778
19,21,10.653869910513736,6.190988660497682e-05,7.800281132562802e-07,10.618722492675829,6.165199603330184e-05,7.783364056630145e-07,0.9591098599470628,0.9595314526283273,0.9595314526283273
20,22,12.001484968430313,6.818655794567336e-05,7.393037526564436e-07,11.962101730866275,6.791508579100066e-05,7.349596521571555e-07,0.9549041077327595,0.9553238517057302,0.9553238517057302
21,23,6.944997297253827,5.06433214404684e-05,8.338271348869784e-07,6.921511444856238,5.0502076314854804e-05,8.340756095667034e-07,0.9505079151604234,0.9509257267138754,0.9509257267138754
22,24,7.627336181442861,7.37174655445234e-05,9.077306093995094e-07,7.60300361748021,7.355957376660808e-05,9.044447453850823e-07,0.9459240863162863,0.9463398829715775,0.9463398829715775
23,25,5.809467868820187,6.175190415268412e-05,7.528437376962596e-07,5.791021138862458,6.158590331724391e-05,7.459446005206755e-07,0.941155535454458,0.9415692360139549,0.9415692360139549
24,26,6.4756705173838975,5.349499876550453e-05,1.15094657409338e-06,6.4551981181618805,5.3290211239229653e-05,1.1419247781856388e-06,0.9362052839108271,0.9366168085049751,0.9366168085049751
25,27,7.78438616981177,9.976615223134013e-05,7.686158269808315e-07,7.760510747776812,9.943143094217535e-05,7.710158620047435e-07,0.9310764569148471,0.9314857270478375,0.9314857270478375
26,28,5.069226540766996,7.802425433434125e-05,1.0262547307999662e-06,5.05329164158164,7.782647368213435e-05,1.0221283031872478e-06,0.925772280303912,0.9261792188979071,0.9261792188979071
27,29,6.174078504122956,7.235999135628804e-05,1.1896078163868e-06,6.155236736860893,7.21460838199793e-05,1.1803019295529315e-06,0.9202960771451567,0.9207006085830279,0.9207006085830279
28,30,4.9175977975829195,7.188304518234741e-05,1.1446163140923248e-06,4.902279941011506,7.164157540970219e-05,1.1485195279817202e-06,0.9146512642696263,0.91505331443617,0.91505331443617
29,31,5.017539090160856,7.036503355294223e-05,9.208754308836399e-07,5.0025334868787406,7.008032863978994e-05,9.141933589493318e-07,0.9088413487238709,0.9092408450454641,0.9092408450454641
30,32,3.6418708762089596,8.747464549662545e-05,8.833615996189435e-07,3.6309802627766783,8.724028928389945e-05,8.742997164350766e-07,0.902869924144117,0.9032667956267791,0.9032667956267791
31,33,3.590713371082698,0.00010952409047854592,7.838064248971804e-07,3.5800567794706213,0.00010924611799140274,7.81522716325938e-07,0.8967406670582551,0.8971348443240845,0.8971348443240845
32,34,4.460628745230322,0.00010285619436794202,8.189928680121678e-07,4.447436263113851,0.00010257088916741623,8.178351472963971e-07,0.8904573331209596,0.8908487484429154,0.8908487484429154
33,35,4.45511732946188,0.00013992873888418327,9.592381264386848e-07,4.44200499182555,0.00013951415372028867,9.561945487529693e-07,0.8840237532873292,0.8844123406223301,0.8844123406223301
34,36,3.6378515373086002,0.0001006510302627552,6.859351757772374e-07,3.6272340294209235,0.00010035505870247815,6.82107218703332e-07,0.8774438299304874,0.8778295249508054,0.8778295249508054
35,37,2.848848405111531,0.00010878455228244395,8.593388612741205e-07,2.840916180462749,0.00010849200596656081,8.55554472982235e-07,0.8707215329086396,0.8711042730315636,0.8711042730315636
36,38,4.067380516869821,0.00011216787545513097,5.800802897267738e-07,4.055814500566243,0.0001117399125553335,5.761976241134351e-07,0.8638608955871139,0.8642406200028656,0.8642406200028656
37,39,3.367455487220326,0.0001550718622977533,8.596135684349429e-07,3.3581674028334527,0.00015459666179747246,8.581057081553167e-07,0.8568660108209454,0.8572426605188291,0.8572426605188291
38,40,2.494590799103286,0.00014611344220342626,9.043615103911452e-07,2.487733166645519,0.00014575325907100546,9.034768375763622e-07,0.8497410269035823,0.8501145446963537,0.8501145446963537
39,41,3.4244861905378863,0.00014605434010721296,7.388031453204027e-07,3.414976449113007,0.00014570675666104402,7.428022757776856e-07,0.8424901434872987,0.8428604740337403,0.8428604740337403
40,42,3.520644159620625,0.00014161513185142796,7.02145302695395e-07,3.511129506013363,0.00014116461424676212,7.016261073419356e-07,0.8351176074808971,0.8354846973065908,0.8354846973065908
41,43,2.278968217496936,0.00013471291571650048,7.543236247747839e-07,2.273000767471866,0.00013440292901490983,7.532623756757787e-07,0.827627708930279,0.8279915064465677,0.8279915064465677
42,44,2.99658045498509,0.00014762919251995555,6.371717780799568e-07,2.9886732030372656,0.0001472848306593449,6.372267300983288e-07,0.8200247768874296,0.8203852324085629,0.8203852324085629
43,45,2.355284449193508,0.00010833860762587775,5.052610449316762e-07,2.3493310797913782,0.0001080693603759974,5.011181096096465e-07,0.8123131752733452,0.8126702410318069,0.8126702410318069
44,46,2.282256570026954,0.0001209440274496957,6.765981990315103e-07,2.276364980294955,0.00012062799000937341,6.73321919154189e-07,0.8044972987403833,0.8048509289003993,0.8048509289003993
45,47,2.3659812663410285,0.00014944636448242047,6.810714061716285e-07,2.3598868972087943,0.00014909769528576012,6.803661494120736e-07,0.7965815685394689,0.7969317192086999,0.7969317192086999
46,48,2.4013128588244665,0.00017931157472911177,5.539870141263627e-07,2.3952930259059215,0.00017886031831321626,5.489163485793316e-07,0.7885704283975354,0.7889170576369559,0.7889170576369559
47,49,2.0226173076038623,0.0001078723836871248,7.062021837434553e-07,2.017700399955604,0.00010760068095294778,7.038039377804852e-07,0.780468340410507,0.7808114082424799,0.7808114082424799
48,50,1.601974758378672,0.00017567371817999504,5.2807694141005e-07,1.5981122203394051,0.000175288161649744,5.244696494717645e-07,0.7722797809570588,0.7726192493716136,0.7726192493716136
49,51,2.154329550927781,0.00016405928606197688,4.3500189370537913e-07,2.149544509466365,0.00016364165558230208,4.364161418738557e-07,0.7640092366383017,0.7643450695976282,0.7643450695976282
50,52,1.3241853752841473,0.00017873821194492316,5.302571173305866e-07,1.3211069153311785,0.00017830962779996938,5.285401133414062e-07,0.7556612002484533,0.7559933636896236,0.7559933636896236
51,53,1.657228897128922,0.0001522515406857652,5.348548379278721e-07,1.6535230189205699,0.00015189654852476096,5.305590132183702e-07,0.7472401667814504,0.7475686286173858,0.7475686286173858
52,54,1.3217088010683526,0.00013154859646677045,5.98257360690188e-07,1.3187723926000692,0.00013120868610653954,5.962348918337167e-07,0.7387506294783555,0.7390753595970562,0.7390753595970562
53,55,1.5411264811408594,0.00019316768863436367,5.218277031675632e-07,1.5378650547866455,0.00019278427112997607,5.219967570022619e-07,0.7301970759202905,0.7305180461823476,0.7305180461823476
54,56,1.2217726683667354,0.00011877821979193584,3.9931281334127723e-07,1.2192179641833494,0.0001186527976451236,4.009327998207996e-07,0.7215839841715153,0.7219011684059273,0.7219011684059273
55,57,1.3200816131792377,0.00013926726335062553,4.482994261597127e-07,1.3172485138549004,0.00013900176042936429,4.4906012135668657e-07,0.7129158189771321,0.7132291929754507,0.7132291929754507
56,58,1.3080739725986503,0.00012351334515916298,4.3611886413706637e-07,1.3055251338150007,0.00012332194858457666,4.329120011111596e-07,0.7041970280197692,0.7045065695285988,0.7045065695285988
57,59,1.3683907289633062,0.00013058631007599616,4.227571572272651e-07,1.365668928908735,0.00013030651504393912,4.263969566920097e-07,0.6954320382394522,0.6957377269513322,0.6957377269513322
58,60,1.2441174008414047,0.00016578525259113692,4.1911624811686075e-07,1.2417772196317782,0.00016553675162324713,4.161000061845808e-07,0.6866252522207247,0.6869270697634238,0.6869270697634238
59,61,1.1840224886699022,0.00013926054288298031,3.051054301017773e-07,1.1818699272718083,0.00013902491528674092,3.0402202326159503e-07,0.6777810446509297,0.6780789745751831,0.6780789745751831
60,62,1.0978491594771527,0.00014990636143485792,4.698208261297554e-07,1.0958891333240763,0.00014969031720881096,4.685584974248667e-07,0.6689037588534061,0.6691977866191289,0.6691977866191289
61,63,1.012014924347607,0.00013949948952097894,3.426701935999634e-07,1.0102374446338804,0.0001392400744842225,3.4288945711783214e-07,0.6599977033991905,0.660287816360202,0.660287816360202
62,64,0.9543923405974132,0.00013678205768764403,4.5077002602360527e-07,0.9528145546279948,0.00013652579173228496,4.5174936416651527e-07,0.6510671488006516,0.6513533361879456,0.6513533361879456
63,65,1.0613459699246712,0.00010860707782775422,3.1682603210366483e-07,1.0595108463389977,0.00010843500913856393,3.149686566740804e-07,0.6421163242903142,0.642398577193914,0.642398577193914
64,66,0.9597722080680394,0.00016023621438023914,3.301063901461359e-07,0.9583496016961697,0.00015999463462345058,3.2852139127955094e-07,0.6331494146879546,0.6334277260373907,0.6334277260373907
65,67,0.8841465630621885,0.00016568949436510666,3.554583719310069e-07,0.8828189365131651,0.00016544696435085164,3.5716635172602694e-07,0.6241705573588759,0.6244449219023265,0.6244449219023265
66,68,0.9858624067703212,0.00014809804533735013,2.722988834282983e-07,0.984433008917357,0.00014788129348621248,2.705449437590389e-07,0.6151838392660914,0.615454253548227,0.615454253548227
67,69,0.7055019225712303,0.00015551969745377934,2.3828968033158587e-07,0.7045364634537082,0.00015529367976668408,2.396973934163878e-07,0.6061932941189623,0.6064597564575377,0.6064597564575377
68,70,0.8323667831961123,0.00010287013122705771,2.0358326039281174e-07,0.8312641896917471,0.00010278287451765394,2.0365584968987373e-07,0.597202899620654,0.5974654100818892,0.5974654100818892
69,71,0.8477652600182922,0.00012744202708823112,2.0546127398599847e-07,0.8467273106480646,0.0001272471854314505,2.0407838070147628e-07,0.5882165748165914,0.5884751351893883,0.5884751351893883
70,72,0.7098695097749184,0.00015358918037690632,2.3727803674164584e-07,0.7090653006334237,0.00015339182424761852,2.3707367131211342e-07,0.5792381775459055,0.5794927913149431,0.5794927913149431
71,73,0.5434909301307215,0.00010918742272924063,2.1960411092844725e-07,0.5430206744082005,0.0001090454979489283,2.1763394831306912e-07,0.5702715019976773,0.5705221743154337,0.5705221743154337
72,74,0.7179615655411108,0.00010786654271077866,1.7910691701451254e-07,0.7172085749945467,0.00010775926174427415,1.7806840178102984e-07,0.5613202763736027,0.5615670140313488,0.5615670140313488
73,75,0.6492425536969805,0.0001277674431413373,1.6669983977416154e-07,0.6486117029043785,0.00012759640066670414,1.6788824293089787e-07,0.5523881606585074,0.5526309720563213,0.5526309720563213
74,76,0.5977130276253164,0.0001264648879778774,2.405591390495097e-07,0.5972020417798792,0.00012633699164014595,2.400216095135049e-07,0.5434787444999605,0.5437176396158095,0.5437176396158095
75,77,0.6469329924308109,9.258185487484653e-05,1.6878673788598306e-07,0.646338379702705,9.250048043883806e-05,1.6813529645141335e-07,0.5345955451980468,0.5348305355559861,0.5348305355559861
76,78,0.5608201567172256,0.00011835701507918132,1.8598446648564605e-07,0.5604110849580993,0.00011829913721223292,1.8606980628405063e-07,0.5257420058061744,0.5259731044437105,0.5259731044437105
77,79,0.5518148077706956,9.851790632178488e-05,1.6383168497036018e-07,0.5514875399298668,9.844132124732806e-05,1.6259943469254907e-07,0.5169214933436089,0.5171487147782775,0.5171487147782775
78,80,0.4586136928358576,9.336325735385071e-05,1.3219461753467117e-07,0.4583327921701371,9.328495892440376e-05,1.3158227520531757e-07,0.5081372971202452,0.508360657315453,0.508360657315453
79,81,0.4858827849268478,9.868683820379722e-05,1.451695289156832e-07,0.48570043550728054,9.867067049062135e-05,1.4407860939918782e-07,0.49939262717394867,0.4996121435041276,0.4996121435041276
80,82,0.5468983008670267,0.00010091790305961759,1.2390877266618596e-07,0.5466591576113391,0.00010089363683166689,1.2320089320875993e-07,0.4906906128206192,0.49090630403574426,0.49090630403574426
81,83,0.3958243709351019,9.547915770382389e-05,1.3467995347796304e-07,0.39561939538448737,9.542708481146345e-05,1.3460265777215685e-07,0.482034301316958,0.4822461875064764,0.4822461875064764
82,84,0.4114833792834278,8.632227739216859e-05,1.2292396623762247e-07,0.4113650228135403,8.632577388529866e-05,1.2365340536338816e-07,0.47342665663574496,0.47363475919196746,0.47363475919196746
83,85,0.3533756676904638,8.091382989381514e-05,1.1304022220206017e-07,0.3533185588568075,8.092364426645381e-05,1.1105783255503662e-07,0.4648705583532662,0.46507489993426915,0.46507489993426915
84,86,0.31916009740010776,9.085996000998087e-05,1.2851190358373773e-07,0.3191203434401382,9.085582339298912e-05,1.2781423017054365e-07,0.4563688006483683,0.45656940514045585,0.45656940514045585
85,87,0.36986315682161536,0.00010794240115621547,9.387494059638309e-08,0.3698300172008392,0.00010794863606862048,9.414744934132298e-08,0.4479240914124518,0.4481209838922267,0.4481209838922267
86,88,0.3636948000959908,8.164605061050026e-05,9.41589270188879e-08,0.3637016942060362,8.165329369237272e-05,9.412515773666558e-08,0.4395390514695633,0.4397322581656552,0.4397322581656552
87,89,0.2934999717532213,7.849955551808646e-05,8.099120020200178e-08,0.29355242498458023,7.851896503694171e-05,8.090737546189347e-08,0.43121621390559056,0.43140576216008897,0.43140576216008897
88,90,0.28269291731591806,8.76398316466285e-05,8.180327982621865e-08,0.28276974670642724,8.766408838192986e-05,8.177759800719199e-08,0.4229580235054182,0.4231439417350586,0.4231439417350586
89,91,0.3044676681054589,6.770660170167232e-05,7.167902923947652e-08,0.3045557670122929,6.771738985616927e-05,7.11087448076878e-08,0.4147668362967584,0.4149491539539073,0.4149491539539073
90,92,0.3223325206992111,7.09545906127108e-05,7.443642667963743e-08,0.32245932069715255,7.100405185091762e-05,7.43482695657669e-08,0.40664491919923157,0.40682366673271775,0.40682366673271775
91,93,0.2712823276788146,8.150738085828175e-05,6.727486188898974e-08,0.2714170930880926,8.156950580472069e-05,6.711645451659054e-08,0.39859444977714087,0.39876965859297764,0.39876965859297764
92,94,0.19608015165547601,6.051237703283821e-05,6.838484309312004e-08,0.19619533957766733,6.055027437048205e-05,6.830625382214705e-08,0.3906175160942544,0.3907892185162982,0.3907892185162982
93,95,0.21750979722561775,6.127361295483261e-05,6.84816795040697e-08,0.2176506501708108,6.131714947264185e-05,6.746241931042513e-08,0.38271611666878763,0.382884345899377,0.382884345899377
94,96,0.19831704986829934,5.060200416558783e-05,4.514798925388864e-08,0.19847347027342624,5.0630844232898455e-05,4.51716532890198e-08,0.37489216052666174,0.375056950607279,0.375056950607279
95,97,0.2005668340551605,5.837563444108222e-05,5.153922049273602e-08,0.20072218942438436,5.842520230958585e-05,5.1127663463779405e-08,0.36714746735100084,0.36730885312300043,0.36730885312300043
96,98,0.18080668546148002,5.037557724708465e-05,5.7009007210831295e-08,0.18099048802738313,5.041643951332355e-05,5.698823901554574e-08,0.3594837677257274,0.35964178479117065,0.35964178479117065
97,99,0.18279910565054747,6.026168159317084e-05,4.668732268223654e-08,0.18299206595300993,6.0328616063975335e-05,4.67910748318193e-08,0.3519027034710146,0.3520573881536523,0.3520573881536523
98,100,0.19080130432256168,4.579396127814187e-05,3.7661365819542363e-08,0.1910304660367323,4.5843381880162436e-05,3.776443059826084e-08,0.3444058280682597,0.344557217374701,0.344557217374701
99,101,0.15549369467866933,4.682416400275196e-05,3.9484144278085434e-08,0.15567637989818042,4.6888470784056584e-05,3.9355679980674714e-08,0.33699460717215707,0.33714273875326417,0.33714273875326417
100,102,0.17555087579139053,4.978398134337405e-05,3.6913095668656234e-08,0.17578563665814087,4.98339175937556e-05,3.712479976858209e-08,0.32967041920736523,0.32981533131990975,0.32981533131990975
101,103,0.13018751181617264,3.969814830536061e-05,3.8142713142474665e-08,0.13037733159554138,3.975546618616548e-05,3.754538112632711e-08,0.3224345560471886,0.3225762875158066,0.3225762875158066
102,104,0.14349826150007305,4.884989109046497e-05,3.366347309080703e-08,0.1437305712611787,4.891844299265946e-05,3.3681660538172337e-08,0.3152882237716241,0.315426813951104,0.315426813951104
103,105,0.1436346583338713,3.600369590792136e-05,3.295745095795515e-08,0.14389061824112473,3.607129494933123e-05,3.281131261478083e-08,0.30823254350205953,0.3083680322399974,0.3083680322399974
104,106,0.12785386051622222,3.6866385636426915e-05,3.380658081075691e-08,0.12807900138189743,3.693946193586741e-05,3.368445387025573e-08,0.3012685523098538,0.30140097990970766,0.30140097990970766
105,107,0.11174170753178933,4.250390106579647e-05,2.328350564331329e-08,0.11197517314957386,4.2582914707907576e-05,2.3231723155733165e-08,0.29439720419597665,0.29452661138055153,0.29452661138055153
106,108,0.1068743687888634,3.3208625489781034e-05,2.7659621834077693e-08,0.10710328912795099,3.327374480271377e-05,2.7507769830431743e-08,0.28761937113884223,0.2877457990142357,0.2877457990142357
107,109,0.09655862366475419,3.2379627616596283e-05,2.8881645075937833e-08,0.09676170130267739,3.245378922293026e-05,2.875218964804101e-08,0.28093584420742923,0.28105933422746643,0.28105933422746643
108,110,0.10259286369996409,3.166689847722407e-05,2.092545962047359e-08,0.10283172111062344,3.175004112305753e-05,2.063928882672231e-08,0.274347334736749,0.2744679286679341,0.2744679286679341
109,111,0.09913447840994621,3.460708459574811e-05,2.063526338675577e-08,0.09937432383324253,3.469144963956448e-05,2.0506667296840297e-08,0.267854475562695,0.26797221544970584,0.26797221544970584
110,112,0.10325369377605645,3.182772611564008e-05,1.915203603665307e-08,0.10352606348415834,3.190694810289279e-05,1.911995964496856e-08,0.26145782231328474,0.26157275044503464,0.26157275044503464
111,113,0.10004672175664094,2.8994722554312742e-05,1.6631984211763138e-08,0.10030888574303731,2.907652711605116e-05,1.6629835692396443e-08,0.25515785475329034,0.2552700136295812,0.2552700136295812
112,114,0.07062280221396135,2.6238867750830303e-05,1.7551466911156272e-08,0.07081694751416887,2.630785524924982e-05,1.7602762966288518e-08,0.24895497817924214,0.24906441047803066,0.24906441047803066
113,115,0.06826057261283036,2.2264701467654893e-05,1.5807884484249366e-08,0.06845537071649258,2.2325514014163905e-05,1.584098852452179e-08,0.24284952486178765,0.24295627340708564,0.24295627340708564
114,116,0.07029939303396332,2.3697656963807133e-05,1.4905752970604352e-08,0.07051371756776184,2.3766163609554238e-05,1.4832439336305544e-08,0.23684175553238426,0.23694586326281236,0.23694586326281236
115,117,0.07669786617793863,2.6725946417871284e-05,1.3582949300747906e-08,0.07693649949472207,2.6814685932527355e-05,1.3451933092220584e-08,0.23093186091131476,0.2310333708493279,0.2310333708493279
116,118,0.06643733780268607,1.8524770301047236e-05,1.1860739142430295e-08,0.06665676411433397,1.8590302419376755e-05,1.1892161747042312e-08,0.22511996327402126,0.22521891849582254,0.22521891849582254
117,119,0.07018395010528432,2.0149817263929145e-05,1.1240197373797696e-08,0.07042671453049398,2.0214309328708078e-05,1.1194483106003057e-08,0.2194061180527719,0.21950256165893067,0.21950256165893067
118,120,0.056693368030333376,1.8450539393656982e-05,1.1919187962929505e-08,0.0568975759885311,1.852172421752773e-05,1.1807015653121153e-08,0.2137903154706937,0.21388429055748162,0.21388429055748162
119,121,0.061448101800527254,1.803553105466917e-05,8.086770394527794e-09,0.061669467370900836,1.8104210741200215e-05,8.038282817527962e-09,0.20827248220523015,0.2083640318366888,0.2083640318366888
120,122,0.05372874071304556,1.4866142497922556e-05,8.257042570764576e-09,0.05393733475858567,1.4922210882719182e-05,8.307009069333565e-09,0.20285248307811254,0.20294165025886365,0.20294165025886365
121,123,0.04437567955311436,1.537591619817304e-05,7.075936667093961e-09,0.04454799323942753,1.5433543619920942e-05,7.075937112564728e-09,0.1975301227689679,0.19761695041777683,0.19761695041777683
122,124,0.04141670922250044,1.4019292621414385e-05,7.517514350186206e-09,0.04159125030046397,1.4078738207933893e-05,7.455396518189566e-09,0.19230514754972267,0.19238967847382446,0.19238967847382446
123,125,0.04361564656737707,1.328881902223123e-05,6.63675206823381e-09,0.043807508177739415,1.3342010150967542e-05,6.585335070935188e-09,0.187177247037007,0.18725952390720246,0.18725952390720246
124,126,0.04583036032295411,1.186935321747334e-05,6.028828394909816e-09,0.04603915349880867,1.1919721246207686e-05,6.0028312018051554e-09,0.18214605595980568,0.1822261212863347,0.1822261212863347
125,127,0.03576756692257034,1.2931475491903869e-05,5.523207736356824e-09,0.035934264130932134,1.299184611912018e-05,5.553259071498511e-09,0.1772111559396553,0.17728905204885254,0.17728905204885254
126,128,0.03436664794621079,1.0151599680366533e-05,4.651222288679561e-09,0.03453334085754844,1.019881662487218e-05,4.640627155973706e-09,0.17237207728073692,0.17244784629247445,0.17244784629247445
127,129,0.03299752498178981,9.921639437006375e-06,4.623362908891675e-09,0.033162066764361946,9.972125617203072e-06,4.6145928441737736e-09,0.16762830076727137,0.16770198457319135,0.16770198457319135
128,130,0.03294182778343149,1.0644722281732249e-05,3.96497810682769e-09,0.03311373731589577,1.0698732578530292e-05,3.947677953847929e-09,0.16297925946568187,0.16305089970822137,0.16305089970822137
129,131,0.033240977724243434,9.863512038663423e-06,3.859302776318898e-09,0.033416801831462735,9.911607040495552e-06,3.904586354681447e-09,0.15842434052905133,0.15849397858126038,0.15849397858126038
130,132,0.03147741275527209,9.833154097061717e-06,3.531636825480097e-09,0.031652448465249124,9.889163625446437e-06,3.4661529269151417e-09,0.15396288700146565,0.15403056394761838,0.15403056394761838
131,133,0.029018770922461273,8.355527327062157e-06,3.1739765825083784e-09,0.029181751859350683,8.402854429911375e-06,3.1883275885482526e-09,0.14959419961990053,0.14965995623689834,0.14965995623689834
132,134,0.022720790137878696,6.434600990341769e-06,3.3115938755058666e-09,0.022855402435838616,6.4733422479821635e-06,3.2897180057628166e-09,0.1453175386113793,0.14538141535094418,0.14538141535094418
133,135,0.028552868277875395,7.0944807518886415e-06,2.372386866581252e-09,0.02872257284280329,7.13884480543508e-06,2.3404818199774784e-09,0.14113212548319962,0.14119416245485406,0.14119416245485406
134,136,0.023343233651264984,6.2265076662259995e-06,2.4731062172420616e-09,0.02349002556475763,6.265089369830074e-06,2.4967332717464643e-09,0.13703714480409857,0.13709738175892872,0.13709738175892872
135,137,0.022356685955767636,6.062907667071366e-06,2.430959452840791e-09,0.022504942712257555,6.102609470607338e-06,2.3811321096590818e-09,0.13303174597430295,0.13309022228949974,0.13309022228949974
136,138,0.019068320589568675,5.255539159929944e-06,2.3889830776112e-09,0.01919277050788588,5.29005396308624e-06,2.3849857221734357e-09,0.1291150449824839,0.12917179964665634,0.12917179964665634
137,139,0.016486040540903225,5.691422994736064e-06,1.7409771802594084e-09,0.01659975306490031,5.729734476249943e-06,1.7425984486056192e-09,0.1252861261477143,0.1253411977469686,0.1253411977469686
138,140,0.017212327791478237,4.52876559505603e-06,1.7661130838517302e-09,0.01733406837626946,4.560681090195006e-06,1.795207781269578e-09,0.12154404384460576,0.12159747054938284,0.12159747054938284
139,141,0.017587617143608777,5.596340723532837e-06,1.753666616664386e-09,0.01771636088904471,5.63609764397377e-06,1.7497873707469518e-09,0.11788782420987795,0.1179396437625409,0.1179396437625409
140,142,0.01518748769528939,4.288561310277137e-06,1.3176290451568464e-09,0.0153022302231228,4.3208115917483074e-06,1.3181701875135793e-09,0.11431646682869774,0.11436671653186069,0.11436671653186069
141,143,0.014676284368531203,3.5940931916647667e-06,1.3627324870789968e-09,0.01478973295168173,3.6220535026066714e-06,1.320788805348824e-09,0.11082894639920013,0.11087766310478872,0.11087766310478872
142,144,0.012324554550520592,3.3313734822630403e-06,1.2864500834588098e-09,0.012424560000027418,3.3568822412655608e-06,1.2750772032103933e-09,0.10742421437368874,0.10747143447272206,0.10747143447272206
143,145,0.01155466922026847,3.468600054129146e-06,1.2712178953942708e-09,0.011650556779562215,3.497579665795454e-06,1.226869887534625e-09,0.10410120057509037,0.10414695998817339,0.10414695998817339
144,146,0.013240808418941524,3.621936514961996e-06,9.916376967622629e-10,0.013352924802683186,3.6524014912750646e-06,9.750718999197488e-10,0.10085881478732117,0.10090314895583623,0.10090314895583623
145,147,0.010941042023834538,2.882585202748101e-06,8.328721359008665e-10,0.011035669852395546,2.9094394371770615e-06,8.155892304587145e-10,0.09769594831830178,0.09773889219628722,0.09773889219628722
146,148,0.009427865419865775,2.702816651742642e-06,8.740169739584471e-10,0.009510064484963407,2.725306078501514e-06,8.583466825432438e-10,0.09461147553443934,0.09465306358114252,0.09465306358114252
147,149,0.009486650300921716,2.4722128695283684e-06,6.922495331533362e-10,0.00957441670575074,2.49692575771539e-06,6.751144444050996e-10,0.09160425536547376,0.09164452153856566,0.09164452153856566
148,150,0.008665747878146302,2.5102905603370954e-06,7.384256997872454e-10,0.00874708183156687,2.5338415476868673e-06,7.387533318117615e-10,0.08867313277866555,0.0887121105281033,0.0887121105281033
149,151,0.007378219294281084,1.9573569565694368e-06,5.017387797607495e-10,0.007448934623540513,1.976107428089055e-06,4.945633294336132e-10,0.08581694022138059,0.08585466248390414,0.08585466248390414
150,152,0.007218155085420877,1.8948778785401583e-06,5.179482584099476e-10,0.007288780783860437,1.91322589570213e-06,5.107767591842961e-10,0.08303449903120509,0.08307099822545376,0.08307099822545376
151,153,0.007348274798418304,1.922444465777446e-06,4.667226148128416e-10,0.007423860362554052,1.942035962726036e-06,4.3983181646421504e-10,0.08032462081280123,0.0803599288350354,0.0803599288350354
152,154,0.006823838289034319,1.827308786048021e-06,4.820316138503418e-10,0.006896588087969096,1.8467825582220902e-06,4.844463245910198e-10,0.07768610878078852,0.07772025700120168,0.07772025700120168
153,155,0.005119325153630661,1.400225805111922e-06,4.2374460851632304e-10,0.005174879892029408,1.4155399808974945e-06,4.222895223305696e-10,0.07511775906801176,0.07515077832761755,0.07515077832761755
154,156,0.005776546688111569,1.2914969694919823e-06,3.634976927232399e-10,0.005841729555039573,1.3060820382890887e-06,3.570418274093474e-10,0.07261836199862848,0.07265028260670744,0.07265028260670744
155,157,0.0049030201137124,1.164438167796318e-06,3.40803339099055e-10,0.004959351462926015,1.177623811965115e-06,3.1947195410495827e-10,0.0701867033255216,0.07021755505761176,0.07021755505761176
156,158,0.004896361740792604,1.0764364438395053e-06,3.1845321190445773e-10,0.004954199767563647,1.0893821332960744e-06,3.097079051981617e-10,0.06782156543161182,0.06785137752802739,0.06785137752802739
157,159,0.00490839964684022,1.1294090600373228e-06,2.636986311354197e-10,0.004969259437369689,1.1427578048785677e-06,2.606374751348141e-10,0.06552172849471484,0.06555052965957692,0.06555052965957692
158,160,0.004055089482363714,8.912018090961517e-07,2.577471339620705e-10,0.004105957385049201,9.020257789485166e-07,2.557186281395901e-10,0.06328597161565355,0.06331379001641668,0.06331379001641668
159,161,0.003534289764537444,8.213554104102769e-07,2.152164655822294e-10,0.003579057489355992,8.321795324979654e-07,2.1087735013090044e-10,0.061113073909402085,0.061139937176860525,0.061139937176860525
160,162,0.003960687766397481,8.389418556374138e-07,2.0836978342506215e-10,0.004013445371846942,8.502852113274378e-07,2.0984138170798987e-10,0.05900181555910132,0.059027750787858546,0.059027750787858546
161,163,0.0032898748234532374,7.511815118290795e-07,1.7409629220066707e-10,0.003334023859634514,7.612988909272142e-07,1.697517086523079e-10,0.05695097883284704,0.05697601258223223,0.05697601258223223
162,164,0.003082045494606096,6.725642519563377e-07,1.710538145816452e-10,0.00312562041470418,6.817370750322632e-07,1.6921186527589825e-10,0.05495934906321189,0.05498350735862697,0.05498350735862697
163,165,0.0029897760242609747,6.702484946103369e-07,1.5957787861944874e-10,0.0030335270527920826,6.798984686216134e-07,1.4938202056611136e-10,0.05302571558951968,0.053049023924200536,0.053049023924200536
164,166,0.0030370990959457615,5.831707772396332e-07,1.1661994342487347e-10,0.003081918063963698,5.921130616570706e-07,1.144289911388463e-10,0.051148872662946064,0.05117135600012166,0.05117135600012166
165,167,0.002272968545850733,4.7651844278574513e-07,1.206899286368145e-10,0.0023070936844481853,4.835458226646708e-07,1.1858462621783854e-10,0.04932762031457397,0.04934930309000698,0.04934930309000698
166,168,0.0024226677365311792,4.698925307052575e-07,1.0659227819661265e-10,0.0024595908955066656,4.771970871974212e-07,1.0475362065532996e-10,0.047560765186582435,0.04758167131147527,0.04758167131147527
167,169,0.001968098653844778,4.0001863001183486e-07,9.861812963844147e-11,0.0020000201359443074,4.065076196406912e-07,9.480119063597559e-11,0.04584712132679793,0.045867274191048,0.045867274191048
168,170,0.0018315557792538165,3.67555092822099e-07,8.869893069298767e-11,0.0018621169344653396,3.737914021245778e-07,8.364969082302721e-11,0.04418551094688383,0.04420493342267213,0.04420493342267213
169,171,0.0018518385610100578,2.727170188994492e-07,7.890378117389851e-11,0.0018838452920353391,2.772025836810433e-07,7.160845640153199e-11,0.04257476514448922,0.04259347959018626,0.04259347959018626
170,172,0.0019549639826571415,3.0456333623574404e-07,7.60651945980743e-11,0.001989083358613523,3.099374195156819e-07,7.39271801802973e-11,0.04101372458972047,0.04103175285409404,0.04103175285409404
171,173,0.0015224751019934327,3.0852991635325613e-07,6.55134073277205e-11,0.0015498410788658632,3.140903838562003e-07,6.134089693633288e-11,0.03950124017634047,0.039518603603049623,0.039518603603049623
172,174,0.001332855230077118,2.3175193526892534e-07,5.819010616149618e-11,0.0013573528427330312,2.357603571797779e-07,5.6161156193337576e-11,0.03803617363813844,0.03805289307049839,0.03805289307049839
173,175,0.0013260336209812865,2.409477989574439e-07,5.285714618014877e-11,0.001350768318285533,2.4557384307302394e-07,4.847252482682888e-11,0.03661739813094976,0.036633493916952635,0.036633493916952635
174,176,0.0013054288540885282,2.1147715466654776e-07,4.260331430063779e-11,0.001331170848421661,2.15706907481486e-07,4.1965277555267526e-11,0.035243798780839775,0.035259290778416344,0.035259290778416344
175,177,0.0010211562379555791,1.8230695303462327e-07,4.176893025466236e-11,0.0010417766267956515,1.8599817943907216e-07,3.926536163746969e-11,0.03391427319899674,0.033929180781504434,0.033929180781504434
176,178,0.0010391521437303037,1.714288727594657e-07,3.889149325915595e-11,0.0010604308816601303,1.7506776403141217e-07,3.688457967886695e-11,0.032627731963910264,0.03264207402583318,0.03264207402583318
177,179,0.000904814134776116,1.7903919985914936e-07,3.117189912981593e-11,0.00092430011093589,1.828925357648812e-07,2.937348432311686e-11,0.03138309907143832,0.03139689403428506,0.03139689403428506
178,180,0.0009412946987165842,1.3774003581791893e-07,3.05597426294757e-11,0.0009621045779430081,1.4070672176120115e-07,2.795532540130989e-11,0.030179312353392097,0.030192578171777583,0.030192578171777583
179,181,0.0007800227190281233,1.2547308696803708e-07,2.5753453806217253e-11,0.0007979173881741607,1.283648127955104e-07,2.334853010099629e-11,0.02901532386529202,0.029028078033189745,0.029028078033189745
180,182,0.0006673909327186436,1.0870291263891625e-07,2.6179637118848736e-11,0.000683071022543723,1.1135319995353138e-07,2.3775297299005e-11,0.027890100243968912,0.027902359801120415,0.027902359801120415
181,183,0.0006721510371079289,9.64951122451263e-08,2.1765208885669535e-11,0.0006885181363546809,9.886287215027832e-08,1.9868722608723276e-11,0.02680262303570527,0.026814404574173833,0.026814404574173833
182,184,0.0006201776151588357,9.323885174483372e-08,1.841349597165586e-11,0.000635798372536795,9.559940959783482e-08,1.632954953859575e-11,0.025751888995628025,0.02576320866648397,0.02576320866648397
183,185,0.000534712360081298,7.910321153972442e-08,1.9969166381243295e-11,0.0005486273598480669,8.115592304143477e-08,1.7079030928715433e-11,0.024736910359081127,0.024747783879206404,0.024747783879206404
184,186,0.0005072027999402286,6.752135275638823e-08,1.611648584641113e-11,0.000520913678038172,6.939674064868579e-08,1.4322478698651059e-11,0.023756715085719377,0.02376715774471944,0.02376715774471944
185,187,0.00045201341777505774,6.050232236799554e-08,1.3394942527052386e-11,0.0004647471626774275,6.218988091975426e-08,1.188061028027407e-11,0.022810347077077513,0.022820373744288847,0.022820373744288847
186,188,0.0003997975483307092,6.166560477804449e-08,1.3058435034086576e-11,0.0004112558876954188,6.348495164129722e-08,1.2537044055355404e-11,0.021896866368378818,0.021906491499960767,0.021906491499960767
187,189,0.0003966274566049347,5.137772298240243e-08,1.327967222487978e-11,0.00040839045544745624,5.284558991799789e-08,1.0979064887243927e-11,0.02101534929535609,0.021024586941456015,0.021024586941456015
188,190,0.00036802263053589977,5.030635835562213e-08,1.0781129483624333e-11,0.0003791127691026051,5.185203609021355e-08,9.413573393385671e-12,0.02016488863686472,0.020173752448845846,0.020173752448845846
189,191,0.0003258047612470512,3.958012330798583e-08,8.463501812176568e-12,0.0003361070248043389,4.083927715562557e-08,7.538998375806674e-12,0.019344593734073202,0.019353096971794864,0.019353096971794864
190,192,0.0002829091277575914,3.776680480599874e-08,8.49628953705361e-12,0.0002921419545664673,3.8952665501488114e-08,6.902497250904158e-12,0.018553590587019775,0.018561746126160097,0.018561746126160097
191,193,0.00023810067198649256,3.025458036529351e-08,8.274674706364167e-12,0.0002462471198804584,3.129764055767984e-08,7.0915633378999326e-12,0.01779102192932659,0.017798842268738003,0.017798842268738003
192,194,0.00025038671348389513,2.8357334416646227e-08,7.1925678035436925e-12,0.00025921483770752484,2.9403004952561156e-08,6.221157794682815e-12,0.017056047281863163,0.017063544550951534,0.017063544550951534
193,195,0.0002342186184544097,2.603364945284869e-08,6.2975811029992355e-12,0.00024274094043416492,2.7003935316419144e-08,5.229060493130187e-12,0.016347842986150822,0.016355028952269243,0.016355028952269243
194,196,0.00017870575804434694,2.2658824342616845e-08,5.798600541552183e-12,0.00018547100005142966,2.3507481384058338e-08,4.832428877330092e-12,0.015665602218297187,0.01567248829414589,0.01567248829414589
195,197,0.00019344659037549128,2.1780075220859448e-08,5.684880635121949e-12,0.00020086899860978624,2.263018908439397e-08,4.370026513337353e-12,0.015008534984247288,0.015015132235271494,0.015015132235271494
196,198,0.00016613169652427727,2.1734138726155144e-08,4.324467706679492e-12,0.00017285866996752394,2.2618197815409556e-08,3.719218220573243e-12,0.014375868097133072,0.014382187248910857,0.014382187248910857
197,199,0.00013480432994948178,1.925305439780945e-08,4.490177158227106e-12,0.00014028758521587587,2.0036657518327236e-08,3.5522989783411828e-12,0.013766845137497336,0.013772896583110034,0.013772896583110034
198,200,0.000133692235679018,1.3796431994394455e-08,4.5704860091524614e-12,0.000139531142365692,1.4421555499961699e-08,3.5647739348934588e-12,0.013180726397161904,0.013186520204539821,0.013186520204539821
199,201,0.00012839115894976416,1.5961238225360302e-08,3.919060326543292e-12,0.0001342517286738919,1.6667236944324775e-08,2.601440228446986e-12,0.012616788807501634,0.012622334726738243,0.012622334726738243
200,202,0.00010677402833825097,1.2572763196832165e-08,3.288736044216934e-12,0.00011173631638115992,1.3160060880687478e-08,2.35878270613674e-12,0.012074325852877493,0.012079633323505578,0.012079633323505578
201,203,9.844198334322442e-05,1.159655925256329e-08,3.309937246394472e-12,0.0001031435799229044,1.2162864426658388e-08,2.471074237467409e-12,0.01155264746997205,0.01155772562819559,0.01155772562819559
202,204,9.03030338330048e-05,1.1474509588872442e-08,2.7207990662351714e-12,9.490993939419688e-05,1.2076031871871522e-08,2.1228618573775495e-12,0.011051079933760333,0.011055937619636276,0.011055937619636276
203,205,7.831894857553183e-05,1.1136717839618519e-08,2.825063498904544e-12,8.251566048014083e-05,1.1737479621740045e-08,2.1537402938527526e-12,0.010568965730837675,0.01057361149540202,0.01057361149540202
204,206,6.889972288255711e-05,9.224654537669448e-09,2.3520999532881015e-12,7.266043963137624e-05,9.755065633336528e-09,1.7253016130941377e-12,0.010105663420814016,0.010110105533146979,0.010110105533146979
205,207,6.669029495115924e-05,7.968141966658784e-09,2.6231626289423143e-12,7.052734642850853e-05,8.407734299175942e-09,1.7879906400276813e-12,0.009660547486471525,0.00966479394069683,0.00966479394069683
206,208,6.522910208601326e-05,6.248762108548753e-09,2.1009796854619886e-12,6.91447141084306e-05,6.6318237330424876e-09,1.4213994431167141e-12,0.0092330081733687,0.009237066695582373,0.009237066695582373
207,209,5.155836469385052e-05,6.627075496406729e-09,1.812672555009679e-12,5.478038265731631e-05,7.0296928372397196e-09,1.200298393142252e-12,0.008822451319560444,0.00882632937468475,0.00882632937468475
208,210,4.460480770470427e-05,6.856440982633436e-09,1.579121648492577e-12,4.746392212678845e-05,7.295949378729936e-09,1.0964529973535331e-12,0.00842829817608879,0.008432002974647268,0.008432002974647268
209,211,5.0700087607465945e-05,5.4663877861683196e-09,1.8841802019993475e-12,5.404024785001577e-05,5.831026151754901e-09,1.1464971234748744e-12,0.008049985218883966,0.008053523723693785,0.008053523723693785
210,212,3.949019179495579e-05,5.1080833851926285e-09,1.5249743624901195e-12,4.222547426921483e-05,5.455024886057498e-09,9.78475692407916e-13,0.007686963952700297,0.007690342885478427,0.007690342885478427
211,213,3.8937352688154415e-05,5.282834463845874e-09,1.4371920685175e-12,4.1708150328681714e-05,5.660236155361753e-09,9.25509722290808e-13,0.0073387007076951205,0.007341926555575077,0.007341926555575077
212,214,2.9835404724712814e-05,4.414778531420402e-09,1.347838276127455e-12,3.210235749802344e-05,4.7466705088596175e-09,8.4640907983217e-13,0.007004676429243173,0.0070077554511993835,0.0070077554511993835
213,215,3.204200011778864e-05,3.751163236097953e-09,1.1314931378335958e-12,3.453384785458088e-05,4.046268671120957e-09,7.09148839845479e-13,0.0066843864615620694,0.006687324694739125,0.006687324694739125
214,216,2.6922808225149165e-05,3.3100374729294593e-09,1.1902052488707918e-12,2.920768588413809e-05,3.593318505646527e-09,6.748266846849707e-13,0.0063773403257080825,0.006380143591652403,0.006380143591652403
215,217,2.5720232032114125e-05,3.2202126796657685e-09,1.1624726930763617e-12,2.790993716010608e-05,3.495495775403199e-09,6.53139912538748e-13,0.006083061492484164,0.006085735403275838,0.006085735403275838
216,218,2.464145757455096e-05,2.809625629909514e-09,9.795262869836701e-13,2.6911693219785445e-05,3.061414890873524e-09,5.127896570573287e-13,0.005801087150785434,0.005803637115068237,0.005803637115068237
217,219,1.997593533838108e-05,2.649691474343081e-09,9.928761221969744e-13,2.1867168676005627e-05,2.9066523430954428e-09,5.039404257445835e-13,0.005530967971889828,0.0055333992007976255,0.0055333992007976255
218,220,1.5496367039842434e-05,2.266869751395215e-09,8.474016664263489e-13,1.7103000066085536e-05,2.487971525129041e-09,4.1914148857228873e-13,0.005272267870184553,0.005274585383162533,0.005274585383162533
219,221,1.555754577336329e-05,2.1291389740365662e-09,9.209756138793136e-13,1.716663936495672e-05,2.3448261734881894e-09,4.4692964092959294e-13,0.005024563760801519,0.005026772391320882,0.005026772391320882
220,222,1.4397698321719572e-05,2.054874990482098e-09,8.020895922294562e-13,1.592988714324878e-05,2.272729954374536e-09,3.577473456678489e-13,0.004787445314617628,0.004789549715782588,0.004789549715782588
221,223,1.1510906230692291e-05,1.7941777486458886e-09,8.653806100711558e-13,1.2811608987364648e-05,2.0044355880583777e-09,4.1194077932609145e-13,0.0045605147110584785,0.004562519361104603,0.004562519361104603
222,224,1.0086800650017573e-05,1.9481408599638406e-09,6.801603372765391e-13,1.1330055995324573e-05,2.1830101058545237e-09,2.8633751587137244e-13,0.004343386389126839,0.004345295596809951,0.004345295596809951
223,225,9.98267305823593e-06,1.666402444398513e-09,7.260668775324368e-13,1.1226888608188113e-05,1.8794146123975457e-09,3.6215786216052513e-13,0.004135686797059915,0.004137504706934952,0.004137504706934952
224,226,9.372440539159276e-06,1.4605018829866714e-09,6.071376454454109e-13,1.0577624819323304e-05,1.655821173906264e-09,2.4523512960449395e-13,0.00393705414100264,0.003938784738592035,0.003938784738592035
225,227,8.021712270317859e-06,1.4494116969440813e-09,6.0304062832908e-13,9.139520876763273e-06,1.6456080285546716e-09,2.9191137308060766e-13,0.003747138133066998,0.0037487852499183206,0.0037487852499183206
226,228,7.51675689954281e-06,1.3574582477904104e-09,5.379724568003097e-13,8.620250894824799e-06,1.5630175119570848e-09,1.8532056618095745e-13,0.0035655997391309444,0.003567167057763681,0.003567167057763681
227,229,6.254951742266578e-06,1.1760266728775758e-09,5.258193066820278e-13,7.2093603447475634e-06,1.3539622387040005e-09,2.314597794929493e-13,0.0033921109267137264,0.003393601985455234,0.003393601985455234
228,230,5.605180653236146e-06,9.090183586283583e-10,4.736464838493584e-13,6.482006765580648e-06,1.0534436022890345e-09,1.534617390582143e-13,0.0032263544132481873,0.003227772610958996,0.003227772610958996
229,231,5.4571912065352525e-06,1.008044478627523e-09,5.107874380886639e-13,6.3929163138399115e-06,1.1735699113160656e-09,2.327933145536761e-13,0.003068023415054554,0.003069372015743329,0.003069372015743329
230,232,4.182695124990019e-06,9.253413633126545e-10,4.4926519528417297e-13,4.916455800202704e-06,1.0933085660957384e-09,1.3973555113634638e-13,0.002916821397304258,0.0029181035346328506,0.0029181035346328506
231,233,3.6650756937626605e-06,9.006941230191876e-10,4.823307687027064e-13,4.33574599507754e-06,1.0667519678258688e-09,2.1071985026457958e-13,0.0027724618252469844,0.002773680506926134,0.002773680506926134
232,234,3.5579137983115215e-06,7.467512410526654e-10,4.664033682880754e-13,4.272728165571146e-06,8.905875232717674e-10,1.2402047023501422e-13,0.0026346679169586425,0.0026358260290349936,0.0026358260290349936
233,235,3.2881826514562352e-06,7.319409982537065e-10,4.760043800304766e-13,3.961997903486887e-06,8.878854998857213e-10,1.7143408603913686e-13,0.0025031723978532045,0.002504272708888414,0.002504272708888414
234,236,2.6285790372739713e-06,6.415132161749511e-10,4.249263481214435e-13,3.2049816791277376e-06,7.804787853971496e-10,9.882220707602447e-14,0.0023777172571865725,0.0023787624223293867,0.0023787624223293867
235,237,2.4214181424191388e-06,6.293929831569471e-10,4.777398445567941e-13,3.0013977154214836e-06,7.722189380746227e-10,1.7450104864345918e-13,0.002258053506766414,0.0022590460717186803,0.0022590460717186803
236,238,2.2987378214968746e-06,5.593962327283281e-10,4.0907772292361345e-13,2.8663706544259706e-06,6.994158680147152e-10,9.037453259913084e-14,0.0021439409420679007,0.0021448833469455745,0.0021448833469455745
237,239,1.9043754430915805e-06,4.969200033503006e-10,4.904485586027527e-13,2.4061027678771205e-06,6.265414256001916e-10,1.6248022286135177e-13,0.002035147905941724,0.0020360424890320107,0.0020360424890320107
238,240,1.5469077364643092e-06,4.407066816608474e-10,3.6860297001360266e-13,1.977409504832711e-06,5.625079254650113e-10,5.951482124692855e-14,0.0019314510550874542,0.0019323000565032986,0.0019323000565032986
239,241,1.3836560802898944e-06,4.2214189285015486e-10,4.0579386664569194e-13,1.79620823975098e-06,5.453972259308602e-10,1.4442613243247845e-13,0.0018326351294525227,0.001833440694685736,0.001833440694685736
240,242,1.2846736360001114e-06,3.5425570402954206e-10,3.5050903834445143e-13,1.689498006161002e-06,4.646971021130147e-10,5.900415171676674e-14,0.0017384927247045085,0.0017392569080788797,0.0017392569080788797
241,243,8.608746418492109e-07,3.0942787530669937e-10,3.558302539918687e-13,1.1365761261164472e-06,4.130784616652248e-10,1.4842933706969013e-13,0.0016488240679123937,0.0016495488359381996,0.0016495488359381996
242,244,1.0738350903177231e-06,3.1674479244852996e-10,3.273952377970786e-13,1.4578834062501161e-06,4.272874688903086e-10,4.86517008010189e-14,0.0015634367965606446,0.0015641240311920204,0.0015641240311920204
243,245,9.08057270882191e-07,2.958700042691184e-10,3.2051789964931216e-13,1.250906089159892e-06,4.07210076286565e-10,1.4136371032970917e-13,0.001482145741008683,0.001482797242805371,0.001482797242805371
244,246,7.262871837583616e-07,2.446872697144601e-10,3.2686399943784527e-13,1.0238693317490042e-06,3.4454449806381924e-10,4.1644045839026025e-14,0.0014047727104973282,0.0014053902016923604,0.0014053902016923604
245,247,7.11968821341779e-07,2.484743571382864e-10,3.09556564324329e-13,1.0354581514962304e-06,3.5044868447403974e-10,1.4590092715489457e-13,0.0013311462827932424,0.0013317314102681587,0.0013317314102681587
246,248,5.609765555388237e-07,2.110350492290008e-10,2.984043009172847e-13,8.225588505885716e-07,3.1077055839664094e-10,4.137650230433623e-14,0.0012611015975522379,0.0012616559357214736,0.0012616559357214736
247,249,5.469526794185035e-07,2.013017129877788e-10,3.509117111404673e-13,8.171454224607125e-07,3.004637175467368e-10,1.3844589573821426e-13,0.0011944801534725298,0.0011950052070786386,0.0011950052070786386
248,250,4.0263624370405007e-07,1.723915603990343e-10,2.97344221804728e-13,6.176373642823629e-07,2.6554659674265847e-10,4.0612347424784524e-14,0.0011311296092996158,0.0011316268161210205,0.0011316268161210205
249,251,3.553795478086093e-07,1.6550500568520885e-10,4.071973805850767e-13,5.599183661325564e-07,2.601880441961287e-10,1.355158706668598e-13,0.0010709035887354658,0.0010713743222084547,0.0010713743222084547
250,252,3.0465934238494574e-07,1.3534580485088157e-10,3.052129707419909e-13,4.881289378775942e-07,2.2217719536289597e-10,3.755905304691696e-14,0.0010136614892960808,0.0010141070610527828,0.0010141070610527828
251,253,2.608603598801644e-07,1.334334440186633e-10,3.633432925298015e-13,4.3638371595269853e-07,2.250732469062666e-10,1.3624219031946878e-13,0.0009592682951532479,0.0009596899574773408,0.0009596899574773408
252,254,2.2098449897194584e-07,1.1123828449643455e-10,3.080502091113336e-13,3.7841460662358835e-07,1.9107059093626168e-10,3.249391028181727e-14,0.0009075943939884362,0.0009079933421903485,0.0009079933421903485
253,255,2.0064546876992477e-07,9.52058613673664e-11,3.6180811859524157e-13,3.5404870640159504e-07,1.6789420892515098e-10,1.4362454477589452e-13,0.0008585153978792952,0.0008588927725926766,0.0008588927725926766
254,256,1.820290940492184e-07,8.418761408771311e-11,3.0583670974804907e-13,3.3933821879392177e-07,1.5811703669465618e-10,3.467306311926174e-14,0.0008119119682320913,0.000812268857633329,0.000812268857633329
255,257,1.4424905785757277e-07,8.178282141755844e-11,3.6525311179984953e-13,2.7416006635637253e-07,1.5457575329843402e-10,1.4374116388155868e-13,0.0007676696447666358,0.0007680070867191984,0.0007680070867191984
256,258,1.1005229317923134e-07,6.762992675774591e-11,2.822743700077563e-13,2.231502062741164e-07,1.3458953222178432e-10,3.1709489811014885e-14,0.0007256786785538545,0.0007259976626792444,0.0007259976626792444
257,259,1.0054325791664807e-07,6.30568753629232e-11,3.66591507550392e-13,2.1017811112032404e-07,1.3002302516480195e-10,1.4608275866882807e-13,0.0006858338691000692,0.0006861353387771633,0.0006861353387771633
258,260,9.683629040558778e-08,5.499991866841848e-11,2.641510636074818e-13,2.1063750633462793e-07,1.215160430838298e-10,3.080694312438003e-14,0.0006480344054663448,0.0006483192597608959,0.0006483192597608959
259,261,7.006340095326756e-08,4.682391809809853e-11,3.573121322581286e-13,1.6149785405312634e-07,1.0880528519033718e-10,1.4693676068331667e-13,0.0006121837114058421,0.0006124528069319086,0.0006124528069319086
260,262,6.672581623135779e-08,3.845863687794939e-11,2.5260065367499496e-13,1.6461900732782907e-07,9.623791862513862e-11,3.1192272383929596e-14,0.0005781892944970539,0.0005784434472121129,0.0005784434472121129
261,263,5.460902504549925e-08,3.491676622270225e-11,3.5159620332045834e-13,1.4105761647950882e-07,9.021665650233894e-11,1.528903855230129e-13,0.0005459625992460469,0.0005462025861815362,0.0005462025861815362
262,264,4.1947767351415555e-08,2.7772177888247352e-11,2.4170073429518357e-13,1.1395265489315661e-07,7.905990672753737e-11,3.1282682908461575e-14,0.0005154188641263678,0.0005156454250553873,0.0005156454250553873
263,265,3.3188307296958887e-08,2.460696909014728e-11,3.6854830785521073e-13,1.0172238938743054e-07,8.023677573950825e-11,1.5632602633955845e-13,0.0004864769825211428,0.0004866908215650307,0.0004866908215650307
264,266,3.089440479500651e-08,1.748496785584593e-11,2.4281119045075987e-13,9.952998051315338e-08,6.125511622621517e-11,3.192610978241357e-14,0.00045905936752802976,0.00045926115470351186,0.00045926115470351186
265,267,2.1775979688079154e-08,1.5899702921371763e-11,3.7062179505372597e-13,7.794196862323723e-08,5.82027916446294e-11,1.6059421263046682e-13,0.0004330918205841014,0.0004332821932926917,0.0004332821932926917
266,268,2.2716289494036247e-08,1.3251223365692445e-11,2.5013804528865117e-13,7.872151000031056e-08,5.507015670015068e-11,3.277509449407348e-14,0.0004085034038644494,0.0004086829683257619,0.0004086829683257619
267,269,1.4499586673652036e-08,1.0911376025641447e-11,3.852525013095754e-13,5.810489611602753e-08,4.9109733358032824e-11,1.6397160268600587e-13,0.00038522631640525265,0.0003853956490358607,0.0003853956490358607
268,270,1.3754056159702628e-08,8.15192854569525e-12,2.353105639590607e-13,5.7654424800096434e-08,4.368583195784857e-11,3.39331468345952e-14,0.00036319577389926284,0.00036335542263872067,0.00036335542263872067
269,271,1.0220460601201125e-08,7.773632360354168e-12,4.142640168842479e-13,5.394137415772612e-08,4.422022103487352e-11,1.6746048536174746e-13,0.0003423498921091407,0.00034250037769475745,0.00034250037769475745
270,272,1.0459478136368742e-08,5.239426190105012e-12,2.225955995014541e-13,4.8158224949685306e-08,3.6587452623822016e-11,3.433793621688299e-14,0.0003226295738417605,0.00032277139103369166,0.00032277139103369166
271,273,6.304436227275266e-09,4.3197215200152474e-12,3.868069513985494e-13,3.396119552892553e-08,3.1769483961745704e-11,1.7006140446209723e-13,0.0003039783994245379,0.0003041120181827341,0.0003041120181827341
272,274,7.570150847815008e-09,3.316561156280642e-12,2.2564682990525736e-13,3.638414539857011e-08,3.0935398361524855e-11,3.553434981955634e-14,0.0002863425206229789,0.00028646838723750433,0.00028646838723750433
273,275,5.252299609733804e-09,2.3628575536839576e-12,3.5825733741134946e-13,2.8604952494136606e-08,2.675639308178088e-11,1.7691147115898197e-13,0.00026967055793701154,0.000269789096113217,0.000269789096113217
274,276,7.1735400600530825e-09,2.2908964687005146e-12,2.280649102975231e-13,3.312908697049023e-08,2.491165381374e-11,3.732936097437338e-14,0.0002539135012122088,0.00025402511311221703,0.00025402511311221703
275,277,4.467595797741933e-09,1.7179445322179334e-12,3.4974676257376877e-13,2.2484669481538346e-08,2.0749179574611366e-11,1.824683820422429e-13,0.00023902461350078043,0.000239129680742712,0.000239129680742712
276,278,6.381127975920654e-09,1.730784270366255e-12,2.1224645576482808e-13,2.2796144317251023e-08,2.209260104226792e-11,3.958675577674203e-14,0.0002249593381061216,0.00022505822272246044,0.00022505822272246044
277,279,3.848960049628959e-09,1.5701005368268346e-12,3.5175733128186315e-13,1.9840628621128098e-08,1.8354417513129606e-11,1.8998988942406478e-13,0.0002116752087438438,0.00021176825410031263,0.00021176825410031263
278,280,6.963245699739487e-09,2.0240660334106202e-12,2.1135145501405253e-13,1.9159889236344435e-08,1.716775898417251e-11,4.0881292178510803e-14,0.0001991317627514608,0.00019921929442774652,0.00019921929442774652
279,281,4.20471191072962e-09,2.3509902561451405e-12,3.396135624389867e-13,1.5621074827949257e-08,1.4752012009767703e-11,1.9590716491033084e-13,0.00018729045727836188,0.0001873727839120007,0.0001873727839120007
280,282,7.39561684823047e-09,2.845006706186427e-12,1.966032781054656e-13,1.6468625154072295e-08,1.3307440175247064e-11,4.2291088740922524e-14,0.0001761145883872699,0.00017619200248197235,0.00017619200248197235
281,283,5.795549946966641e-09,3.0283777695404973e-12,3.2546541552698354e-13,1.1565342461682077e-08,1.2069733299424052e-11,2.0041405581896195e-13,0.00016556921299811777,0.00016564199169778269,0.00016564199169778269
282,284,7.836802124589478e-09,3.70389797316624e-12,1.966497445160327e-13,1.4754354325020863e-08,1.137749517544666e-11,4.440424892627999e-14,0.00015562107360513072,0.00015568947943476745,0.00015568947943476745
283,285,6.4311776620104096e-09,4.343114460399924e-12,3.263011009612925e-13,9.812861461307312e-09,1.0202108244188799e-11,2.0779594838452307e-13,0.00014623852569789584,0.00014630280727264322,0.00014630280727264322
284,286,9.226925092863492e-09,5.291734678186086e-12,1.972724747992199e-13,1.2585411263403596e-08,9.513400963086212e-12,4.658039469542622e-14,0.00013739146781729188,0.00013745186052069205,0.00013745186052069205
285,287,6.511688024133636e-09,5.900677405732875e-12,3.3783950995221134e-13,8.335136788510263e-09,7.83899606169129e-12,2.1430145414739636e-13,0.00012905127417738588,0.00012910800081004093,0.00012910800081004093
286,288,1.1323147620423426e-08,6.341902648993871e-12,1.9047541367343685e-13,1.0698142942926836e-08,7.094677927688478e-12,4.8353629144882806e-14,0.00012119072978470615,0.00012124400118441542,0.00012124400118441542
287,289,8.027492112981754e-09,7.546095630785844e-12,3.56308097942373e-13,7.48742500790789e-09,6.15775765214452e-12,2.2185171821051117e-13,0.00011378396798673522,0.00011383398362118099,0.00011383398362118099
288,290,1.150033856154452e-08,7.030608834804467e-12,2.0643167709941102e-13,1.021805729693941e-08,5.223415263837663e-12,5.031930483896624e-14,0.00010680641038196325,0.00010685335891498287,0.00010685335891498287
289,291,9.562871283134492e-09,9.969982386528073e-12,3.795193537667388e-13,7.060789784172723e-09,5.85522829462628e-12,2.287201319560253e-13,0.00010023470902444532,0.00010027876885689843,0.00010027876885689843
290,292,1.189425262177361e-08,1.063434484851574e-11,2.0919892643836623e-13,9.385757601978842e-09,4.652858788691883e-12,5.2724009410071146e-14,9.404669085646928e-05,9.40880306426794e-05,9.40880306426794e-05
291,293,9.503971447957852e-09,1.1976518893883879e-11,3.7085262705186183e-13,5.731853723541859e-09,4.269391764826795e-12,2.351617599730405e-13,8.822130430369058e-05,8.826008344441186e-05,8.826008344441186e-05
292,294,1.2154935617593665e-08,1.1788951532878094e-11,2.2071441754058924e-13,8.818338050150482e-09,3.934417097917634e-12,5.462445607760893e-14,8.273856796789863e-05,8.277493708072946e-05,8.277493708072946e-05
293,295,1.0265900931924798e-08,1.3609660801302322e-11,3.666182999054921e-13,5.386079950721573e-09,3.644727576556053e-12,2.426259050083736e-13,7.757952135344747e-05,7.761362272158524e-05,7.761362272158524e-05
294,296,1.5688091493572048e-08,1.4814445539012625e-11,2.2555998873853706e-13,8.329384543045435e-09,3.1137113535317656e-12,5.719868452281675e-14,7.272617756431158e-05,7.275814556451455e-05,7.275814556451455e-05
295,297,1.063005473515057e-08,1.3673099819626072e-11,3.8034189206459487e-13,4.905002821742871e-09,2.626538683299803e-12,2.5014702534589877e-13,6.816147790970207e-05,6.819143942029742e-05,6.819143942029742e-05
296,298,1.576692598980638e-08,1.575561133557597e-11,2.413099435934298e-13,8.236278015306474e-09,2.427413970743751e-12,5.941803683875245e-14,6.386924835719928e-05,6.389732314694937e-05,6.389732314694937e-05
297,299,1.1274273199160172e-08,1.572097268409875e-11,4.056979311215151e-13,4.935644715677081e-09,2.1376298942017394e-12,2.5809137998837605e-13,5.983415777341858e-05,5.98604588720313e-05,5.98604588720313e-05
298,300,1.654399194581124e-08,1.8569148413632195e-11,2.223642103272327e-13,8.283451368377494e-09,2.156598987898817e-12,6.17111498253996e-14,5.6041677893322484e-05,5.6066311944365306e-05,5.6066311944365306e-05
299,301,1.3937908323956632e-08,1.897493066190269e-11,4.515360259115637e-13,4.547479254331029e-09,1.8128705368070151e-12,2.6566724251425946e-13,5.247804496042103e-05,5.250111255737348e-05,5.250111255737348e-05
300,302,1.6695276587513054e-08,2.0645171366424825e-11,2.118023842145773e-13,8.385686771432213e-09,1.7478013820281866e-12,6.42852343809941e-14,4.913022298125612e-05,4.9151818987410134e-05,4.9151818987410134e-05
301,303,1.2776438572845046e-08,2.2781769246318455e-11,4.4902605580879694e-13,4.5098990074840436e-09,1.5671362518220386e-12,2.742391167987874e-13,4.5985868538745286e-05,4.600608239163863e-05,4.600608239163863e-05
302,304,1.695574418087913e-08,2.251722116585962e-11,2.0424617103377976e-13,8.34491271654922e-09,1.423348708765869e-12,6.666709404240924e-14,4.303329711015772e-05,4.3052213111201985e-05,4.3052213111201985e-05
303,305,1.3536653104349224e-08,2.4838072381580627e-11,4.347699562524106e-13,4.689816742489301e-09,1.2460101894633374e-12,2.8225036087960295e-13,4.026145083671001e-05,4.027914842665115e-05,4.027914842665115e-05
304,306,1.7839401607927194e-08,2.509693233781523e-11,2.2121478040396597e-13,8.524845379605585e-09,1.1489219169657539e-12,6.909311620611714e-14,3.765986769299525e-05,3.767642171382205e-05,3.767642171382205e-05
305,307,1.2761645441553712e-08,2.558957879876429e-11,4.3630515952947514e-13,4.687363804244711e-09,1.0158790419066156e-12,2.902926291544876e-13,3.521865200569706e-05,3.523413294959062e-05,3.523413294959062e-05
306,308,1.8313997173438083e-08,2.6189641319171806e-11,2.5454813744799066e-13,8.684962906236058e-09,1.0166290925912148e-12,7.169962860433988e-14,3.292844627228051e-05,3.294292051817615e-05,3.294292051817615e-05
307,309,1.4482430166432215e-08,2.7436527111013295e-11,4.137844584303347e-13,4.752456924537586e-09,8.371031180162189e-13,2.987931232308336e-13,3.0780404231601724e-05,3.0793934269913625e-05,3.0793934269913625e-05
308,310,1.8546461694279155e-08,2.4278868029637715e-11,2.5923520553455205e-13,9.045370047741617e-09,8.462411443031313e-13,7.425586438267247e-14,2.876616513962347e-05,2.877880978566181e-05,2.877880978566181e-05
309,311,1.4505077812156726e-08,2.6943425466315215e-11,4.374860823443414e-13,4.7035971561475675e-09,7.193907252113322e-13,3.075141935080443e-13,2.6877829204671893e-05,2.6889643801262104e-05,2.6889643801262104e-05
310,312,2.0386616975472668e-08,3.0088876947400206e-11,2.6141231333669437e-13,9.100283014066272e-09,8.424176543061967e-13,7.67460206682982e-14,2.5107934137912106e-05,2.5118970747706526e-05,2.5118970747706526e-05
311,313,1.3630892478897395e-08,2.8640438568660523e-11,4.987792220948379e-13,4.885415672442843e-09,5.865916437908027e-13,3.1635176912719075e-13,2.3449432775957803e-05,2.3459740363910963e-05,2.3459740363910963e-05
312,314,1.7515475648533798e-08,2.8710386465733782e-11,2.518116190396825e-13,9.349526597949733e-09,5.764217507634588e-13,7.9232901492463e-14,2.1895671733759155e-05,2.19052963402196e-05,2.19052963402196e-05
313,315,1.4621048869041179e-08,2.99410135291483e-11,5.081277318872984e-13,4.935267248505062e-09,4.950352785597011e-13,3.250124997186498e-13,2.0440371047133893e-05,2.0449355951987524e-05,2.0449355951987524e-05
314,316,1.9255290218118534e-08,3.457778001529028e-11,2.7292677796230723e-13,9.629383441395315e-09,6.156636622286352e-13,8.177040453295336e-14,1.90776047655144e-05,1.9085990643797044e-05,1.9085990643797044e-05
315,317,1.4385201686066534e-08,3.11205248510253e-11,4.787832920130834e-13,5.0636783636985915e-09,4.3112554457270564e-13,3.3392215766792024e-13,1.7801782456679423e-05,1.7809607526059497e-05,1.7809607526059497e-05
316,318,2.0179196094432485e-08,3.3356039837512495e-11,2.715449335231867e-13,9.872393868910409e-09,5.515435798375392e-13,8.431637445678902e-14,1.660763158642118e-05,1.6614931746937055e-05,1.6614931746937055e-05
317,319,1.3058651344885683e-08,3.355192038299777e-11,4.670866781559933e-13,5.130906465132809e-09,4.3645859288708587e-13,3.4328231870164407e-13,1.5490180737264055e-05,1.5496989703684914e-05,1.5496989703684914e-05
318,320,1.9829393035633986e-08,3.461848250747644e-11,2.701060720833166e-13,1.0024455368657788e-08,4.897805889279839e-13,8.679818801995291e-14,1.4444743631499847e-05,1.4451093058663612e-05,1.4451093058663612e-05
319,321,1.516061019459727e-08,3.736179390627488e-11,4.624192338917419e-13,5.209570216773221e-09,4.18916458344446e-13,3.522043228160165e-13,1.3466903924936366e-05,1.3472823526403459e-05,1.3472823526403459e-05
320,322,1.9818952094025053e-08,3.38093041526037e-11,2.7167536086679247e-13,1.0310425745616752e-08,4.77138100118722e-13,8.933068089416293e-14,1.2552500738868653e-05,1.25580183992161e-05,1.25580183992161e-05
321,323,1.416526529762901e-08,3.41761107530087e-11,4.736479423539966e-13,5.285516676622469e-09,3.8386338348368363e-13,3.613554162225871e-13,1.1697614898873931e-05,1.1702756779940495e-05,1.1702756779940495e-05
322,324,1.9168659142543345e-08,4.069193861115118e-11,2.7323281485829546e-13,1.052891730094334e-08,4.835847320151458e-13,9.186538534795283e-14,1.089855585010494e-05,1.0903346491484657e-05,1.0903346491484657e-05
323,325,1.5022157042632962e-08,3.690340674228467e-11,4.660257640823793e-13,5.400334243265831e-09,3.430065124989508e-13,3.7079001580910573e-13,1.015184921980646e-05,1.0156311633875071e-05,1.0156311633875071e-05
324,326,1.9226823968186178e-08,3.912676209148894e-11,2.811823483482772e-13,1.0834670432785294e-08,4.3901456204791527e-13,9.422632227519692e-14,9.45422499880987e-06,9.458380760556231e-06,9.458380760556231e-06
325,327,1.3818243148629981e-08,4.0153930018049215e-11,4.990741878988945e-13,5.523246027991659e-09,3.335513264000119e-13,3.8010628630733224e-13,8.802606314767661e-06,8.806475646690246e-06,8.806475646690246e-06
326,328,2.169871114993427e-08,3.740892054003618e-11,2.738322801500657e-13,1.0997543067742451e-08,4.3923511269801354e-13,9.664235827383886e-14,8.194098770874883e-06,8.197700623191937e-06,8.197700623191937e-06
327,329,1.3906237828296484e-08,3.524281741882805e-11,5.114641966704642e-13,5.6204097134645176e-09,3.2786867083788837e-13,3.892570762274183e-13,7.625980324785682e-06,7.629332451196492e-06,7.629332451196492e-06
328,330,2.1378155721399026e-08,4.273271654023397e-11,2.7338479704088484e-13,1.1238056095165105e-08,4.2796662319958895e-13,9.901544154511373e-14,7.095691683372493e-06,7.0988107125965115e-06,7.0988107125965115e-06
329,331,1.4676924641692706e-08,4.096636559486145e-11,5.300966348473707e-13,5.714428191461462e-09,3.208266247005717e-13,3.985736650881359e-13,6.600827189890057e-06,6.603728693200327e-06,6.603728693200327e-06
330,332,1.986250533204909e-08,3.894114080973518e-11,2.5926624325867296e-13,1.1510752716466112e-08,4.305940534299528e-13,1.0134151666219818e-13,6.1391261809985035e-06,6.141824735955921e-06,6.141824735955921e-06
331,333,1.513894886635396e-08,4.328328750557223e-11,5.45075623416457e-13,5.808737856286148e-09,3.148901636825482e-13,4.080680179042029e-13,5.708464791967768e-06,5.710974042553183e-06,5.710974042553183e-06
332,334,1.9745333948435694e-08,3.891882201087426e-11,2.5839231045257066e-13,1.175661035166159e-08,4.170951851623327e-13,1.0361910916096441e-13,5.30684818923018e-06,5.309180902562191e-06,5.309180902562191e-06
333,335,1.3600198558034427e-08,4.098874639973301e-11,5.464102271737728e-13,5.913724598787866e-09,3.3081758935482496e-13,4.1735043756953783e-13,4.932403210268973e-06,4.934571330086456e-06,4.934571330086456e-06
334,336,2.0163286400062825e-08,4.246188516365942e-11,2.6639478481685715e-13,1.198466589853201e-08,4.1960764239151444e-13,1.0584529740427225e-13,4.583371391628113e-06,4.585386088708106e-06,4.585386088708106e-06
335,337,1.4488659189473047e-08,4.380483266363683e-11,5.390971365130274e-13,6.015491663470387e-09,3.150604423720312e-13,4.264411748181368e-13,4.258102366602621e-06,4.259974086276042e-06,4.259974086276042e-06
336,338,2.1021899440209943e-08,4.641036783736178e-11,2.776078763239074e-13,1.2189521744521734e-08,4.2945361304972323e-13,1.0798045731044871e-13,3.955047614919869e-06,3.956786121839811e-06,3.956786121839811e-06
337,339,1.323397408527832e-08,4.339619083459709e-11,5.381535339795977e-13,6.107939923611783e-09,3.1749470916343123e-13,4.357471317020141e-13,3.6727545474499284e-06,3.6743689677597887e-06,3.6743689677597887e-06
338,340,2.1154561951477846e-08,4.4180418947863316e-11,2.6710999787987213e-13,1.2414588112709286e-08,4.3289446774825095e-13,1.1008623324794502e-13,3.409860909688336e-06,3.4113597707299e-06,3.4113597707299e-06
339,341,1.3211674133439746e-08,4.480372619732062e-11,5.404244019108451e-13,6.2016373476325116e-09,3.0874591964062107e-13,4.451408121461781e-13,3.16508948843725e-06,3.1664807561320124e-06,3.1664807561320124e-06
340,342,2.1270329725384832e-08,4.909011335527259e-11,2.5437331221035163e-13,1.2618204270861049e-08,4.2429512924786823e-13,1.1209820941588286e-13,2.9372431067715203e-06,2.938534220801959e-06,2.938534220801959e-06
341,343,1.3979341280488044e-08,4.3812064761321724e-11,5.608661313253676e-13,6.269572322372378e-09,3.1713140303517733e-13,4.541221851508425e-13,2.725199893014562e-06,2.726397799925811e-06,2.726397799925811e-06
342,344,2.027573468003111e-08,4.88152308080189e-11,2.8335576750208147e-13,1.2845374976739475e-08,4.285224775433021e-13,1.140353647923976e-13,2.527908810066297e-06,2.5290199944026635e-06,2.5290199944026635e-06
343,345,1.3704530413557499e-08,5.149292051349478e-11,5.949325800249277e-13,6.360603598173437e-09,3.102541616323402e-13,4.628998095152356e-13,2.3443854320209853e-06,2.3454159456060065e-06,2.3454159456060065e-06
344,346,1.9958816301084748e-08,4.990481216052313e-11,2.9333661417786524e-13,1.3035864135444505e-08,4.286802493215027e-13,1.158948037329773e-13,2.173707955588209e-06,2.174663445051463e-06,2.174663445051463e-06
345,347,1.2730822721217118e-08,5.0312678946652764e-11,5.946063092365372e-13,6.429770173203627e-09,3.110662668397435e-13,4.718367102046798e-13,2.015013434384794e-06,2.0158991670334325e-06,2.0158991670334325e-06
346,348,2.1478290682369443e-08,4.905364828486661e-11,3.0067471788354675e-13,1.32242589218769e-08,4.329851010544144e-13,1.176643013689163e-13,1.8674942247003573e-06,1.8683151128283147e-06,1.8683151128283147e-06
347,349,1.2846197867120504e-08,5.17389298895908e-11,6.135003037430647e-13,6.502548587116106e-09,3.1265021258942164e-13,4.806109829362501e-13,1.730394631854485e-06,1.7311552555775376e-06,1.7311552555775376e-06
348,350,1.9978647080476047e-08,4.903105138687746e-11,2.955967146459463e-13,1.340200722700563e-08,4.2948357215664106e-13,1.1930823072594156e-13,1.6030077467595697e-06,1.6037123754598539e-06,1.6037123754598539e-06
349,351,1.4064735600924966e-08,5.0018584044357776e-11,6.206566142984118e-13,6.560230077358515e-09,3.1432232807913954e-13,4.88791398936897e-13,1.48467246278107e-06,1.4853250752403121e-06,1.4853250752403121e-06
350,352,2.0379658468202767e-08,4.857552936547266e-11,2.749585182272738e-13,1.3572224759921277e-08,4.274531591307714e-13,1.208324318079261e-13,1.3747706634461743e-06,1.375374966742731e-06,1.375374966742731e-06
351,353,1.3188433986051109e-08,5.0032981924404083e-11,6.356679705420241e-13,6.6221330035581016e-09,3.1211770273880427e-13,4.968295332357537e-13,1.2727245719934887e-06,1.2732840192343373e-06,1.2732840192343373e-06
352,354,2.0371091796559257e-08,5.3184240374760926e-11,2.717027538718142e-13,1.3730196513344562e-08,4.285300757870023e-13,1.2223520753650196e-13,1.177994254180789e-06,1.1785120611358353e-06,1.1785120611358353e-06
353,355,1.3640556178612222e-08,4.9796452761006324e-11,6.404910102238842e-13,6.6817622774780096e-09,3.095543898912909e-13,5.049877649006613e-13,1.090075266175375e-06,1.0905544268778542e-06,1.0905544268778542e-06
354,356,1.8852923135560263e-08,4.789768750479381e-11,2.6706976839666156e-13,1.3888148058012262e-08,4.2936368755108174e-13,1.2350238020515259e-13,1.0084964397427652e-06,1.0089397411160827e-06,1.0089397411160827e-06
355,357,1.2537246774450996e-08,4.846378918903238e-11,6.41770552603534e-13,6.733072030012615e-09,3.07978058593013e-13,5.127154961492771e-13,9.328177973248629e-07,9.332278328929751e-07,9.332278328929751e-07
356,358,1.9591768501947142e-08,5.151146574783831e-11,2.7272644838722607e-13,1.4023591732808044e-08,4.30215867381568e-13,1.2462279832161374e-13,8.626285899586529e-07,8.630077726939823e-07,8.630077726939823e-07
357,359,1.3101293661743135e-08,5.325802704710821e-11,6.528459454305036e-13,6.770583565115523e-09,3.0849754723819746e-13,5.197950874423084e-13,7.975454513314699e-07,7.978960256914038e-07,7.978960256914038e-07
358,360,1.9486221027971553e-08,4.539101716948693e-11,2.721290084218312e-13,1.414252280937892e-08,4.3005414959773596e-13,1.2560162737133125e-13,7.372106615993997e-07,7.375347147996219e-07,7.375347147996219e-07
359,361,1.1566385695947324e-08,4.771179655706197e-11,6.443965186820384e-13,6.808632296316187e-09,3.0338435353227806e-13,5.26813709933132e-13,6.81290514911912e-07,6.81589987482153e-07,6.81589987482153e-07
360,362,2.1462414221449955e-08,5.167092110850396e-11,2.6428034862808007e-13,1.4251485291870129e-08,4.275790765372346e-13,1.2642896001384228e-13,6.294737848886834e-07,6.29750480553945e-07,6.29750480553945e-07
361,363,1.1665904386180126e-08,4.7300348395504016e-11,6.427081721926357e-13,6.839311014686252e-09,3.0234964677832757e-13,5.33824217603702e-13,5.814702825844272e-07,5.817258775123366e-07,5.817258775123366e-07
362,364,1.9028286543926216e-08,5.20680736435425e-11,2.4413124704540683e-13,1.4354386162811147e-08,4.253165405326443e-13,1.2708161323635402e-13,5.370095017545947e-07,5.372455532072632e-07,5.372455532072632e-07
363,365,1.2189936649268862e-08,4.9089479445424764e-11,6.717678294840055e-13,6.860100468538262e-09,2.9769010047593493e-13,5.400854196057224e-13,4.958393464997419e-07,4.960573009263378e-07,4.960573009263378e-07
364,366,1.9210733060727246e-08,4.89756920284574e-11,2.365291564327265e-13,1.4433128725011888e-08,4.2316155501065547e-13,1.2754751982867765e-13,4.577249366193166e-07,4.5792613722351187e-07,4.5792613722351187e-07
365,367,1.173465373493637e-08,4.918359424208169e-11,7.124940746950228e-13,6.873244683384161e-09,2.941375044199629e-13,5.45663465770578e-13,4.2244748624731706e-07,4.226331800618195e-07,4.226331800618195e-07
366,368,2.034250871042919e-08,5.0678365069894635e-11,2.5690505676046236e-13,1.4493811123055065e-08,4.220137263914106e-13,1.278229480459887e-13,3.8980325157285976e-07,3.8997459607139856e-07,3.8997459607139856e-07
367,369,1.2061487666903054e-08,5.3772289541112355e-11,6.914566207525011e-13,6.883811780663304e-09,2.908331402604844e-13,5.513082919434705e-13,3.5960254366876124e-07,3.5976061294414457e-07,3.5976061294414457e-07
368,370,1.9364917885622877e-08,4.687978911000967e-11,2.604059177564013e-13,1.4546282762280714e-08,4.1932107482719856e-13,1.279010772511268e-13,3.316688026610937e-07,3.3181459319630247e-07,3.3181459319630247e-07
369,371,1.1217511785360157e-08,4.725915411067948e-11,6.563997245816633e-13,6.890878312172722e-09,2.866679182974196e-13,5.567465450378996e-13,3.058377296726925e-07,3.059721657304051e-07,3.059721657304051e-07
370,372,1.9708530335569222e-08,5.0787519632961386e-11,2.719144260050213e-13,1.4583772140133042e-08,4.161163222016617e-13,1.2776037101767315e-13,2.8195647316422077e-07,2.820804118186808e-07,2.820804118186808e-07
371,373,1.1848723282532806e-08,4.884706307261042e-11,6.495217597082054e-13,6.8843542798677245e-09,2.828290792836852e-13,5.612123200136206e-13,2.598828664779341e-07,2.5999710231166765e-07,2.5999710231166765e-07
372,374,1.788107004588005e-08,4.887632882780011e-11,2.814366182001392e-13,1.4599158553343597e-08,4.1005239169525587e-13,1.2739878892820614e-13,2.3948471356211597e-07,2.3958998304867727e-07,2.3958998304867727e-07
373,375,1.2423159894746898e-08,4.8215681685051374e-11,6.505520349186237e-13,6.871591634957783e-09,2.778626863974537e-13,5.651414863335169e-13,2.2063912001864116e-07,2.2073610561130898e-07,2.2073610561130898e-07
374,376,1.9628421835373516e-08,4.7314561477825765e-11,2.8457257059941973e-13,1.4593513614529641e-08,4.045034104753097e-13,1.2682467172704688e-13,2.0323186677257996e-07,2.033212007177401e-07,2.033212007177401e-07
375,377,1.0933904218269132e-08,4.670112398669752e-11,6.668975219622876e-13,6.8578522949182186e-09,2.737098867125617e-13,5.69174012343265e-13,1.8715682381152576e-07,1.8723909170435299e-07,1.8723909170435299e-07
376,378,1.9423618961108486e-08,5.0552784158594144e-11,2.715634160951659e-13,1.4579482257871072e-08,3.9914662687350955e-13,1.2604775791240727e-13,1.723154015837384e-07,1.7239114568273126e-07,1.7239114568273126e-07
377,379,1.1609980688861565e-08,4.6258424454889346e-11,6.654736307261258e-13,6.834684900851693e-09,2.6788166730855086e-13,5.725923514419843e-13,1.586160377785245e-07,1.5868576009444595e-07,1.5868576009444595e-07
378,380,1.879781260288669e-08,4.4859431608693586e-11,2.7455901216145137e-13,1.4547345288902014e-08,3.94113083916743e-13,1.2507256288729413e-13,1.4597371733988408e-07,1.4603788251371606e-07,1.4603788251371606e-07
379,381,1.245685874904156e-08,4.598732311998435e-11,6.690957451256234e-13,6.798211635617637e-09,2.616991331055501e-13,5.747894715476425e-13,1.3430952368555488e-07,1.3436856166918387e-07,1.3436856166918387e-07
380,382,1.945652589455986e-08,4.9580675484267035e-11,2.8411824067947416e-13,1.4489750087317697e-08,3.877658265968079e-13,1.2390208799907534e-13,1.235502192185415e-07,1.2360452777105084e-07,1.2360452777105084e-07
381,383,1.1081878520923483e-08,4.676601582691429e-11,6.640396567895216e-13,6.757300353984937e-09,2.548755925294989e-13,5.76643933428427e-13,1.1362785332723284e-07,1.1367780033888508e-07,1.1367780033888508e-07
382,384,1.799027009181918e-08,4.859507861257093e-11,2.767712250025612e-13,1.4417957330790955e-08,3.803477634572946e-13,1.2251977933953824e-13,1.0447939617360298e-07,1.0452532182884768e-07,1.0452532182884768e-07
383,385,1.0685361605338136e-08,4.805619643306593e-11,6.658770008246744e-13,6.714294307908921e-09,2.480697786552454e-13,5.785705673681271e-13,9.604639666697134e-08,9.608861545710958e-08,9.608861545710958e-08
